{
    "metadata": {
        "version"   : "0.0.1",
        "type"      : "HERO",
        "complexity": 1,
        "date"      : "01-01-2010"
    },
    "transitions": {
        "t1": {
            "arcs" : {
                "a1": {"in": "p1", "out": "", "guards": "no", "replace": "yes"},
                "a2": {"in": "p2", "out": "", "guards": "no", "replace": ""},
                "a3": {
                    "out": "p3",
                    "in": "",
                    "guards": "no",
                    "exec"  : "operationNoCurry"
                }
                
            }
        },
        "t2": {
            "arcs" : {"a1": {"in":"p3", "out":""}, "a2": {"in":"p4", "out":""},"a3": {"out":"p5", "in":""}},
            "guards": {}
        }
    
    },
    "places": {
        "p1": {
            "isRef":      true,
            "type":       "func",
            "definition": "2 1",
            "data":       "curry.alpine"
        },
        "p2":{
            "isRef":      false,
            "type":       "Z",
            "definition": "",
            "data":       ""
        }
    }

}
